                        time,              drag_Gamma_0_2,              lift_Gamma_0_2
      0.0000000000000000e+00,      0.0000000000000000e+00,      0.0000000000000000e+00
      1.0000000000000000e-02,     -9.5525619317260243e+03,     -1.4036130558987594e+01
      2.0000000000000000e-02,      3.0181467542213113e+03,     -3.8765736072254628e+00
      2.9999999999999999e-02,     -9.5554666358230492e+01,     -6.7132662006966415e+00
      4.0000000000000001e-02,     -1.1283436223036844e+02,     -9.0944034491154024e+00
      5.0000000000000003e-02,     -1.0465369567099647e+02,     -1.0815986842448419e+01
      6.0000000000000005e-02,     -8.6502825027593701e+01,     -1.2073083849353116e+01
      7.0000000000000007e-02,     -7.4392863143939707e+01,     -1.3499322337073780e+01
      8.0000000000000002e-02,     -7.5316019693710018e+01,     -1.5609036659556896e+01
      8.9999999999999997e-02,     -8.5721094613445899e+01,     -1.8097263894863033e+01
      9.9999999999999992e-02,     -9.7500689576655105e+01,     -2.0041595653220948e+01
      1.0999999999999999e-01,     -1.0434598552057912e+02,     -2.0557093072948096e+01
      1.1999999999999998e-01,     -1.0457892705647730e+02,     -1.9484179128718452e+01
      1.2999999999999998e-01,     -1.0036229924437400e+02,     -1.7883459217007172e+01
      1.3999999999999999e-01,     -9.5193970010093665e+01,     -1.7453889553945391e+01
      1.4999999999999999e-01,     -9.1303164717156534e+01,     -1.9263135168937303e+01
      1.6000000000000000e-01,     -8.8534363004561470e+01,     -2.2900286032377824e+01
      1.7000000000000001e-01,     -8.5692625315739363e+01,     -2.6482524736130149e+01
      1.8000000000000002e-01,     -8.2629687238591032e+01,     -2.7689015818389148e+01
      1.9000000000000003e-01,     -8.0422222876970196e+01,     -2.5478332802605848e+01
      2.0000000000000004e-01,     -7.9955628632755889e+01,     -2.0883038654586468e+01
      2.1000000000000005e-01,     -8.1072529559370025e+01,     -1.5875485431866551e+01
      2.2000000000000006e-01,     -8.2887399646004766e+01,     -1.1801799619486966e+01
      2.3000000000000007e-01,     -8.4560684226853397e+01,     -8.9044102275480430e+00
      2.4000000000000007e-01,     -8.5763911691008161e+01,     -6.6923263391943841e+00
      2.5000000000000006e-01,     -8.6470314148004206e+01,     -4.8002840996491782e+00
      2.6000000000000006e-01,     -8.6637535145189815e+01,     -4.0937440148968642e+00
      2.7000000000000007e-01,     -8.6264482918848415e+01,     -6.5269133529816203e+00
      2.8000000000000008e-01,     -8.5159495089972012e+01,     -1.3193906230807364e+01
      2.9000000000000009e-01,     -8.2630136914728382e+01,     -2.2983664917621041e+01
      3.0000000000000010e-01,     -7.8554222909988667e+01,     -3.3981343621954650e+01
      3.1000000000000011e-01,     -7.4213479784829886e+01,     -4.5668058224958521e+01
      3.2000000000000012e-01,     -7.0683463598318738e+01,     -5.8117298201901242e+01
      3.3000000000000013e-01,     -6.8119233339848506e+01,     -6.9957972487164412e+01
      3.4000000000000014e-01,     -6.7034762642760512e+01,     -7.9214482681461035e+01
      3.5000000000000014e-01,     -6.8541758006065251e+01,     -8.6236206381458146e+01
      3.6000000000000015e-01,     -7.4039138691833585e+01,     -9.3317932496494379e+01
      3.7000000000000016e-01,     -8.4988146153128554e+01,     -1.0103580663989000e+02
      3.8000000000000017e-01,     -1.0177617007965088e+02,     -1.0715209485404661e+02
      3.9000000000000018e-01,     -1.2234191361098641e+02,     -1.0961054919569892e+02
      4.0000000000000019e-01,     -1.4321244862859388e+02,     -1.1032028327756751e+02
      4.1000000000000020e-01,     -1.5847866902645075e+02,     -1.1373062080510631e+02
      4.2000000000000021e-01,     -1.6137460602848188e+02,     -1.2092649969887822e+02
      4.3000000000000022e-01,     -1.5326178929395616e+02,     -1.3027309385715557e+02
      4.4000000000000022e-01,     -1.3612989629421617e+02,     -1.4090327449602842e+02
      4.5000000000000023e-01,     -1.0745835510151196e+02,     -1.4981038727284439e+02
      4.6000000000000024e-01,     -7.8586917670184789e+01,     -1.5153554177554881e+02
      4.7000000000000025e-01,     -6.0926505634971761e+01,     -1.3220583470697949e+02
      4.8000000000000026e-01,     -5.3416314266350525e+01,     -9.6617979637671340e+01
      4.9000000000000027e-01,     -7.1144821543582538e+01,     -6.7168966230016522e+01
      5.0000000000000022e-01,     -1.0737858617318277e+02,     -5.5162667855580153e+01
      5.1000000000000023e-01,     -1.4033047273029399e+02,     -6.6863526542365534e+01
      5.2000000000000024e-01,     -1.3469774203403028e+02,     -7.8185034237013639e+01
      5.3000000000000025e-01,     -7.9081611696353036e+01,     -6.1403885715491867e+01
      5.4000000000000026e-01,      1.2171745273007971e+01,     -2.0683250952501606e+01
      5.5000000000000027e-01,      1.2989883692601921e+02,      2.5422607331205889e+01
      5.6000000000000028e-01,      2.2718483139484380e+02,      3.4857533368995419e+01
      5.7000000000000028e-01,      2.3059222277632026e+02,     -2.8933900847587832e+01
      5.8000000000000029e-01,     -2.0246280069507978e+02,     -9.7567341186527969e+01
      5.9000000000000030e-01,     -7.9996583354947256e+02,     -9.7277658179108315e+01
      6.0000000000000031e-01,     -1.6072130461269689e+03,      3.4227299213271016e+02
      6.1000000000000032e-01,      1.1493259191185919e+03,      4.0779304994239453e+02
      6.2000000000000033e-01,     -3.9132375257774106e+02,      7.3026723012741542e+01
      6.3000000000000034e-01,      1.0228529727346836e+02,     -5.6923778782075829e+02
      6.4000000000000035e-01,     -2.2621911575202384e+03,      1.7467046955503808e+03
      6.5000000000000036e-01,      4.9952482164052844e+03,     -7.1164709225836134e+01
      6.6000000000000036e-01,      1.2395068733024053e+04,     -4.2273306898957153e+03
      6.7000000000000037e-01,      4.2061999545013117e+04,      1.7867862932363005e+04
      6.8000000000000038e-01,     -2.4602207728561392e+04,      8.2276083388099796e+03
      6.9000000000000039e-01,     -1.3292059701701604e+04,      7.3993751064032636e+04
      7.0000000000000040e-01,      1.4222257871643091e+06,      5.3567977141631581e+05
      7.1000000000000041e-01,      4.3775895085900504e+05,      1.7026356520554023e+06
      7.2000000000000042e-01,     -4.7320203010205522e+07,      5.7512941089879252e+07
      7.3000000000000043e-01,     -2.3417546079435921e+08,     -2.6578655911603156e+08
      7.4000000000000044e-01,      1.0890996934862036e+08,     -3.0954419603761327e+08
      7.5000000000000044e-01,     -1.5024941490202427e+08,     -2.1275007813619578e+08
      7.6000000000000045e-01,     -6.5339218372918987e+08,      6.5443841196582234e+08
      7.7000000000000046e-01,      2.5495034898183423e+08,      1.0736116167834240e+08
      7.8000000000000047e-01,      2.6460469673439704e+07,      5.7716208983102581e+06
      7.9000000000000048e-01,      1.8599671243215360e+07,     -3.8847616863431320e+07
      8.0000000000000049e-01,      3.5005727958428413e+07,     -2.7984383484513357e+07
      8.1000000000000050e-01,      2.9922788222192302e+06,      2.8698800365914438e+07
      8.2000000000000051e-01,      7.6910692434518427e+07,      1.7752456448411934e+07
      8.3000000000000052e-01,      3.6166551877039790e+07,     -4.8857073474719241e+07
      8.4000000000000052e-01,      2.1646524892003369e+07,     -1.6641195954651486e+07
      8.5000000000000053e-01,      1.6252978283520043e+06,      1.5547420701491258e+08
      8.6000000000000054e-01,      1.5179749175786611e+08,      1.1178576742362598e+08
      8.7000000000000055e-01,     -6.2087397280009642e+07,      1.3391550271511525e+07
      8.8000000000000056e-01,      2.5357563439605109e+07,     -9.8235217187782787e+06
      8.9000000000000057e-01,     -3.3460771203257777e+06,      3.3516360413321905e+07
      9.0000000000000058e-01,      7.6134220549771786e+08,     -2.1030011977541420e+09
      9.1000000000000059e-01,     -2.6955108545347279e+08,     -1.7947075008099905e+08
      9.2000000000000060e-01,      6.3265446454219416e+07,      1.6327170555974683e+08
      9.3000000000000060e-01,     -2.3820549585496955e+07,      1.0904690818077268e+07
      9.4000000000000061e-01,      2.1505333705560721e+07,     -3.7741332850993238e+07
      9.5000000000000062e-01,     -1.4233327586134324e+07,     -1.1093980666355824e+07
      9.6000000000000063e-01,      9.7751912624321729e+06,      6.7831118133964241e+06
      9.7000000000000064e-01,     -2.0310956738682139e+08,     -1.5580587612540966e+07
      9.8000000000000065e-01,      1.9244752611657268e+08,     -2.7788331908954966e+08
      9.9000000000000066e-01,      3.2217908425512929e+09,      1.1248169181859200e+09
      1.0000000000000007e+00,     -1.1564584175873234e+10,      5.7575021433312502e+09
      1.0100000000000007e+00,     -5.1742900379850731e+09,     -7.7592878668984902e+08
      1.0200000000000007e+00,      3.4360076203658903e+08,      2.8444445403599787e+09
      1.0300000000000007e+00,     -2.5383499112359148e+08,      1.8637613237163866e+08
      1.0400000000000007e+00,      6.0180588859893572e+08,      1.6015371758758828e+08
      1.0500000000000007e+00,     -2.8805088326828671e+08,     -1.6935031784045485e+08
      1.0600000000000007e+00,      7.9472789713054061e+07,     -1.5972236410383059e+07
      1.0700000000000007e+00,     -1.6763018674445045e+08,      1.5885769747641282e+07
      1.0800000000000007e+00,     -6.6753892268988982e+07,     -5.2168453904337704e+07
      1.0900000000000007e+00,      4.9541299336899184e+06,     -2.6540049625431482e+07
      1.1000000000000008e+00,     -2.5718108993434176e+07,     -4.8720022304882377e+07
      1.1100000000000008e+00,     -5.8607493663292401e+07,      1.4686125481920847e+08
      1.1200000000000008e+00,     -2.5185711263316426e+08,      1.0960514120726794e+08
      1.1300000000000008e+00,     -3.4589990985093279e+09,     -4.3238001051633674e+08
      1.1400000000000008e+00,     -4.1937999508890095e+09,      5.9728474998845930e+09
      1.1500000000000008e+00,     -6.7991805058548570e+08,      1.0686612985219376e+08
      1.1600000000000008e+00,      1.4850166264878675e+07,     -1.1180655645942512e+08
      1.1700000000000008e+00,     -1.2026234692538660e+06,     -1.4401668456042025e+07
      1.1800000000000008e+00,     -1.2456604951559167e+07,     -2.5315842418019943e+07
      1.1900000000000008e+00,      3.5785016767294921e+07,     -5.2405669531350657e+07
      1.2000000000000008e+00,     -5.4069138722014642e+08,     -2.8019945009142852e+08
      1.2100000000000009e+00,     -1.7579248607303815e+09,      5.6554381175271797e+08
      1.2200000000000009e+00,      1.0607499805474880e+08,     -1.9263733094599940e+07
      1.2300000000000009e+00,      2.1399766182755817e+07,      5.2146805465750406e+06
      1.2400000000000009e+00,     -9.7068908971542329e+07,     -2.0332547020356983e+07
      1.2500000000000009e+00,     -2.3411070081761573e+07,     -6.6962599347705439e+07
      1.2600000000000009e+00,      3.3622474264793172e+06,      1.3633245445439335e+07
      1.2700000000000009e+00,     -1.6079123142893830e+08,      3.3958168114129268e+07
      1.2800000000000009e+00,     -5.9979581196615770e+07,     -8.2402885637217224e+08
      1.2900000000000009e+00,      3.0393232627536976e+08,      1.3084467339270245e+08
      1.3000000000000009e+00,      6.0324409410806394e+08,      2.9014526791696391e+09
      1.3100000000000009e+00,     -5.6807925446012521e+08,      2.6328358216531920e+09
      1.3200000000000010e+00,     -3.6011097803919405e+08,      3.7607966207167101e+08
      1.3300000000000010e+00,     -9.7621211413185522e+07,      1.2089658971239182e+08
      1.3400000000000010e+00,     -7.2495726939524934e+06,      3.0523990501939036e+07
      1.3500000000000010e+00,     -5.8156642667340279e+07,     -1.5559094331786904e+08
      1.3600000000000010e+00,     -1.1157890874369046e+07,      2.0549101860025238e+07
      1.3700000000000010e+00,     -3.4696120577619106e+07,      2.9085643576743575e+06
      1.3800000000000010e+00,     -4.0348782114410885e+06,      1.0484531692667462e+07
      1.3900000000000010e+00,      6.3419579405636415e+07,      1.6009600255077327e+07
      1.4000000000000010e+00,     -1.7412659810224861e+07,      5.6602137295507915e+07
      1.4100000000000010e+00,      2.6796677852797974e+07,     -2.8208463706753324e+06
      1.4200000000000010e+00,     -1.0368849687467717e+07,      3.6894221102026552e+07
      1.4300000000000010e+00,     -7.5766432988215625e+07,     -2.1652645060433158e+08
      1.4400000000000011e+00,     -3.0257965387411833e+07,      1.8142037188963923e+08
      1.4500000000000011e+00,     -5.0137879885965712e+07,     -1.2943147385477543e+08
      1.4600000000000011e+00,     -1.2052587105934115e+07,     -1.9387553131695289e+07
      1.4700000000000011e+00,      1.1301128923265782e+08,      5.8531108787528537e+07
      1.4800000000000011e+00,     -2.4897999653249969e+09,      1.6541823359921820e+10
      1.4900000000000011e+00,     -1.2585032564103584e+09,     -9.6687836387666667e+08
      1.5000000000000011e+00,     -8.2715010298762207e+09,     -1.7283164821344378e+09
      1.5100000000000011e+00,      1.2736599107942047e+09,      5.8218328024433315e+08
      1.5200000000000011e+00,     -1.9456010652109712e+07,      9.4293142876549256e+08
      1.5300000000000011e+00,      5.2195210330442220e+07,     -6.7496168851768747e+07
      1.5400000000000011e+00,     -2.3896245584153607e+07,     -3.0700640851034515e+07
      1.5500000000000012e+00,      2.2259932268652797e+08,      1.1467724084373128e+08
      1.5600000000000012e+00,      3.0025369767038554e+07,      3.7640645079581648e+07
      1.5700000000000012e+00,      5.2092629577725232e+07,     -5.3322864519117557e+07
      1.5800000000000012e+00,     -3.0612881948958561e+07,     -3.5650903955329964e+06
      1.5900000000000012e+00,      2.5984855711103827e+07,      1.9380881055572671e+06
      1.6000000000000012e+00,      3.0170078145576149e+07,     -3.4991870294132039e+07
      1.6100000000000012e+00,      7.6675540990510911e+07,     -4.2963165847496785e+07
      1.6200000000000012e+00,     -2.1980821714141855e+08,     -9.2474387752734885e+07
      1.6300000000000012e+00,     -1.5033183229520256e+07,     -6.8513690962348610e+07
      1.6400000000000012e+00,      1.9011017292807996e+06,     -2.1512669288396422e+07
      1.6500000000000012e+00,      6.7252540115284622e+07,      3.6662299712418024e+06
      1.6600000000000013e+00,      1.1133492336206618e+08,     -1.6757249214021671e+08
      1.6700000000000013e+00,     -3.7208790220197308e+08,      4.2225499170932717e+09
      1.6800000000000013e+00,      3.5025220779115133e+09,     -2.3908107729025760e+09
      1.6900000000000013e+00,     -3.4916845775000924e+08,     -9.4631155373967934e+08
      1.7000000000000013e+00,     -4.4934780448657781e+07,     -1.0315771643654723e+08
      1.7100000000000013e+00,      4.7514594146813303e+07,      6.3859087403291576e+07
      1.7200000000000013e+00,     -2.4532278608658724e+07,      2.8448046217462342e+07
      1.7300000000000013e+00,     -2.7819734653373271e+07,     -1.7610925058055278e+07
      1.7400000000000013e+00,     -2.8369072826238650e+08,     -1.4165033898962443e+06
      1.7500000000000013e+00,     -2.4414071816477811e+08,      2.9573432628980803e+08
      1.7600000000000013e+00,      5.7729391554238006e+07,      5.7894657071563326e+07
      1.7700000000000014e+00,     -3.6234985826493273e+06,      1.2573149031931551e+06
      1.7800000000000014e+00,      6.5190405441323686e+06,      3.5086212205647402e+07
      1.7900000000000014e+00,     -1.1037757503270467e+08,     -2.0262411739250500e+07
      1.8000000000000014e+00,      1.0559467618811518e+07,     -2.8027496326139194e+08
      1.8100000000000014e+00,      9.9398496046423763e+07,     -2.1144450734478381e+08
      1.8200000000000014e+00,      3.2662334171973474e+07,      5.2529429618173465e+06
      1.8300000000000014e+00,      1.6843204638636529e+07,     -6.5696315127321547e+06
      1.8400000000000014e+00,     -2.3839233375397205e+07,      1.9977980933512155e+07
      1.8500000000000014e+00,      2.8738570585001420e+07,     -7.8059819267267525e+07
      1.8600000000000014e+00,     -8.1190782726620166e+06,      2.9753359586298587e+06
      1.8700000000000014e+00,     -1.5082356586965991e+07,     -1.4856298220241420e+07
      1.8800000000000014e+00,     -5.9348984408615809e+05,     -1.6152960837429658e+07
      1.8900000000000015e+00,      9.0362094656716242e+07,      5.4783766330721200e+07
      1.9000000000000015e+00,      1.2834302937585324e+07,      2.9711448498770665e+07
      1.9100000000000015e+00,     -1.1320651910875298e+07,      6.2807612198115429e+06
      1.9200000000000015e+00,      5.8597558966047406e+08,     -1.7302423433359817e+08
      1.9300000000000015e+00,      4.1083516906961039e+07,      6.1547713606344342e+07
      1.9400000000000015e+00,     -4.2443751511468783e+07,     -1.3730847800437835e+08
      1.9500000000000015e+00,      7.9278030136924386e+06,     -1.1736623644902578e+07
      1.9600000000000015e+00,     -8.7804769192273721e+07,     -1.0239606945672715e+08
      1.9700000000000015e+00,      5.4096092586918199e+08,      1.1511826529045730e+09
      1.9800000000000015e+00,     -8.7009040413724214e+07,     -1.3818184383562994e+08
      1.9900000000000015e+00,     -1.5566712171208303e+07,     -8.1181103670193255e+07
      2.0000000000000013e+00,     -2.0029953943628982e+07,      1.9934296169062313e+07
      2.0100000000000011e+00,     -4.6136802115458071e+07,      6.2252270334409006e+07
      2.0200000000000009e+00,     -1.0793750031304389e+07,      4.2890322824238896e+07
      2.0300000000000007e+00,      3.0806819985858746e+07,      4.7437043140497111e+07
      2.0400000000000005e+00,      8.5130512885330886e+07,      4.0508238910065256e+07
      2.0500000000000003e+00,     -4.6816680982459113e+07,      4.9186091310750566e+07
      2.0600000000000001e+00,      8.6732782658923212e+06,      2.3986501028246651e+06
      2.0699999999999998e+00,     -1.1552351643497447e+07,     -5.7825186205719681e+06
      2.0799999999999996e+00,      3.7812914080631104e+09,     -1.9078600941821630e+09
      2.0899999999999994e+00,      4.8431688391399155e+09,      6.1892950487464275e+09
      2.0999999999999992e+00,      1.0804159327402534e+09,     -7.1622127276158571e+09
      2.1099999999999990e+00,      2.8031676370370202e+06,      3.0212041755979095e+07
      2.1199999999999988e+00,      2.2306331028698251e+07,     -2.6665884421381634e+07
      2.1299999999999986e+00,     -3.1710249037764065e+07,      5.8381824866968824e+05
      2.1399999999999983e+00,      7.8568556033805208e+06,      3.7333569077221649e+06
      2.1499999999999981e+00,      5.6688456534775190e+07,     -5.8649767311989129e+07
      2.1599999999999979e+00,     -2.3085670156652805e+08,      1.4416723523148751e+08
      2.1699999999999977e+00,     -5.7969070973459125e+07,     -1.3865432573987857e+08
      2.1799999999999975e+00,     -9.0806389732923806e+07,      7.0820630224788630e+08
      2.1899999999999973e+00,      5.6266878919745395e+06,     -6.1566528314728670e+07
      2.1999999999999971e+00,      1.4286940536323320e+06,      4.3650517773758218e+05
      2.2099999999999969e+00,      3.2534150773713470e+07,      1.5908992002945203e+07
      2.2199999999999966e+00,      1.4967542203086611e+07,      9.3036022782949265e+06
      2.2299999999999964e+00,     -1.3069127323392645e+07,     -4.6394700173824150e+06
      2.2399999999999962e+00,     -1.6901279432317689e+06,     -1.4619623828964543e+07
      2.2499999999999960e+00,     -6.5103799261576012e+06,      3.8947122366890302e+06
      2.2599999999999958e+00,     -3.2845282832791217e+07,     -2.6202449574273251e+07
      2.2699999999999956e+00,      3.4738251902775824e+07,     -3.3486691356563848e+07
      2.2799999999999954e+00,     -1.2281875556684637e+09,     -1.1999184360337417e+08
      2.2899999999999952e+00,     -2.7339658807886511e+07,      6.3008517095257914e+08
      2.2999999999999949e+00,     -7.0450213326618166e+09,      8.2988370017822342e+09
      2.3099999999999947e+00,      1.2944062979150381e+09,      2.8582723041396493e+08
      2.3199999999999945e+00,     -4.2795302342799842e+07,      4.6789071170358639e+06
      2.3299999999999943e+00,     -1.0047388449751300e+08,      2.1400436888017124e+08
      2.3399999999999941e+00,     -2.1676302410700809e+07,     -2.2313260179740135e+06
      2.3499999999999939e+00,     -1.5943390141397301e+07,      5.1521833180103585e+07
      2.3599999999999937e+00,     -6.2682460440559566e+07,     -1.5375789501697632e+07
      2.3699999999999934e+00,     -6.8910575166856933e+08,      6.6267753364844203e+07
      2.3799999999999932e+00,     -2.7411171123922087e+07,      1.7626592576363990e+08
      2.3899999999999930e+00,      1.8020879460727501e+08,      2.1704960650553569e+08
      2.3999999999999928e+00,     -5.8111072035432220e+07,      2.8893829857037935e+07
      2.4099999999999926e+00,      4.6858507618360072e+06,      3.8216638081486300e+06
      2.4199999999999924e+00,     -6.3414282328322018e+06,      5.6999445748317093e+06
      2.4299999999999922e+00,      2.6646834385806732e+07,     -9.7462729716349335e+05
      2.4399999999999920e+00,      6.1598783236612797e+07,      1.4570668157393437e+07
      2.4499999999999917e+00,      2.9311459597200310e+08,      2.2694993340118587e+08
      2.4599999999999915e+00,      4.4152768946139121e+08,      5.5397760387898195e+08
      2.4699999999999913e+00,      3.2246284616141021e+07,      1.7645981576971632e+08
      2.4799999999999911e+00,      4.3704228495053224e+07,     -5.6359484295722041e+06
      2.4899999999999909e+00,     -1.0690124126172742e+08,     -6.8015663709113687e+07
      2.4999999999999907e+00,      6.2212935718115933e+07,     -9.7138405638468247e+06
      2.5099999999999905e+00,     -1.9610296937391251e+07,     -2.8366730425285086e+07
      2.5199999999999902e+00,      1.2123385383477241e+08,     -4.2094444878176486e+08
      2.5299999999999900e+00,      2.1650786932748814e+09,     -1.1432642453731854e+09
      2.5399999999999898e+00,     -1.7749066017123163e+08,      8.0113926667251003e+08
      2.5499999999999896e+00,      3.2304552589596506e+07,     -3.4945082553743191e+07
      2.5599999999999894e+00,      2.9251214480613664e+07,      2.3439931915544502e+07
      2.5699999999999892e+00,      2.2724579789455205e+07,      1.2231213329610968e+08
      2.5799999999999890e+00,     -5.8481009479030097e+08,      9.3375945472664845e+08
      2.5899999999999888e+00,      3.3663814372347587e+08,     -5.0236296308127087e+08
      2.5999999999999885e+00,      3.9557083135074303e+07,     -6.9415368305566356e+07
      2.6099999999999883e+00,     -1.7528173987966478e+07,      1.3660341779676659e+07
      2.6199999999999881e+00,     -1.1517717530596885e+08,      2.1337147992843592e+08
      2.6299999999999879e+00,     -3.0281904086920116e+06,     -3.3154260354819749e+07
      2.6399999999999877e+00,     -1.0575737664530817e+07,      4.6318151069170840e+07
      2.6499999999999875e+00,      1.4023565505598462e+08,      4.7979399982092448e+07
      2.6599999999999873e+00,     -1.5030316192783511e+08,      2.1020267988447183e+08
      2.6699999999999871e+00,      1.3527644684136397e+08,      3.7135845308427505e+07
      2.6799999999999868e+00,      1.4889937266107932e+07,     -2.1437171837282881e+07
      2.6899999999999866e+00,      1.0395915922529267e+07,      1.4265492377300858e+07
      2.6999999999999864e+00,      2.7549033870863700e+06,     -1.1938860535174586e+07
      2.7099999999999862e+00,     -2.1250989495974202e+06,     -9.2189824002241045e+06
      2.7199999999999860e+00,      7.2394363220470369e+07,     -2.2686786667739000e+07
      2.7299999999999858e+00,      6.6651138984984934e+07,     -8.4012220373326421e+07
      2.7399999999999856e+00,     -7.3662183574677572e+07,      4.0017587379031146e+08
      2.7499999999999853e+00,      1.2429031992647886e+07,     -2.3233322497262266e+07
      2.7599999999999851e+00,     -1.0537344848184332e+07,     -2.1177312896588851e+07
      2.7699999999999849e+00,     -1.0385783872275351e+07,      2.8996102882126983e+07
      2.7799999999999847e+00,     -4.2439592344442144e+07,      2.0410979351140749e+07
      2.7899999999999845e+00,      4.2334577773764029e+07,     -8.3325502368339136e+07
      2.7999999999999843e+00,      2.6088050184458524e+07,     -7.3389745205178037e+07
      2.8099999999999841e+00,      1.7643340831855485e+08,     -3.6471231879770774e+08
      2.8199999999999839e+00,      3.8503405002384150e+08,     -1.7058289158056411e+08
      2.8299999999999836e+00,     -7.5530745030740887e+07,      2.8465343321221460e+07
      2.8399999999999834e+00,      1.1258405081164893e+07,      6.0148407248498194e+07
      2.8499999999999832e+00,     -1.0064523030590752e+08,      1.6494379146494113e+07
      2.8599999999999830e+00,     -3.5979615096801691e+09,     -8.0376290688491116e+09
      2.8699999999999828e+00,     -6.4236540246475048e+09,      3.6821534246213931e+08
      2.8799999999999826e+00,     -5.8881245058975506e+08,      2.3069431935327592e+09
      2.8899999999999824e+00,      7.8851945714531392e+07,     -1.1320955927642018e+07
      2.8999999999999821e+00,     -6.8393287451838925e+07,     -6.7403484887524825e+06
      2.9099999999999819e+00,      2.5227252645881972e+08,     -4.6812445678575355e+08
      2.9199999999999817e+00,     -2.6814885415598178e+08,     -2.1024881406579763e+08
      2.9299999999999815e+00,     -6.2644174427023083e+06,      1.8506661263383043e+08
      2.9399999999999813e+00,      7.6264438800218701e+06,     -8.5744457579125419e+07
      2.9499999999999811e+00,      2.3135614257381958e+08,     -3.4204728704312198e+07
      2.9599999999999809e+00,     -1.3565449382224007e+09,     -5.7955736492394981e+09
      2.9699999999999807e+00,      6.3417044177063646e+09,     -9.4123606859741688e+09
      2.9799999999999804e+00,     -1.2635075018526244e+08,      3.1237020737517990e+07
      2.9899999999999802e+00,     -2.2584827753406793e+07,     -6.2665647049057908e+07
      2.9999999999999800e+00,     -5.4770167906019017e+06,      1.1496669902034426e+07
      3.0099999999999798e+00,      4.0256560875097871e+07,      2.4691987194195740e+07
      3.0199999999999796e+00,      8.8198602291701548e+05,     -2.4750143308329333e+07
      3.0299999999999794e+00,      6.4723746002089977e+05,      6.6326425540457442e+06
      3.0399999999999792e+00,      6.0424583796039373e+06,     -9.0406127503014740e+05
      3.0499999999999790e+00,      5.2243401501059264e+07,     -3.7154223309133954e+07
      3.0599999999999787e+00,      8.2982364413604736e+06,     -2.2200962327223208e+07
      3.0699999999999785e+00,      7.3821607773832947e+07,      2.3389386972996037e+07
      3.0799999999999783e+00,      1.4024590452502385e+07,     -8.5139716874483183e+07
      3.0899999999999781e+00,      1.8182522873534453e+06,     -2.0898288476301618e+07
      3.0999999999999779e+00,     -3.3765445943346612e+07,      8.7811650604728051e+06
      3.1099999999999777e+00,      3.7390997210867956e+07,     -6.2407642444588691e+06
      3.1199999999999775e+00,     -3.2025538394520350e+07,     -2.2293479909456737e+07
      3.1299999999999772e+00,      9.4202412221581265e+06,     -1.9450165972903296e+07
      3.1399999999999770e+00,     -9.8093581084153652e+07,      5.1680250759182394e+07
      3.1499999999999768e+00,     -2.8125350006801769e+07,     -2.5887626629815158e+06
      3.1599999999999766e+00,     -4.4046514108888429e+08,     -1.9277011166045406e+08
      3.1699999999999764e+00,     -7.9513801311766624e+08,     -8.0484082066508785e+07
      3.1799999999999762e+00,      1.0098830938881695e+08,      8.2655997484872386e+07
      3.1899999999999760e+00,      5.6185440366971157e+06,     -2.1342790078498952e+07
      3.1999999999999758e+00,     -2.0959062889193222e+06,     -2.4465822273865167e+07
      3.2099999999999755e+00,      3.0332366675557583e+06,     -8.8332836205355600e+07
      3.2199999999999753e+00,     -1.7924005424741000e+07,     -2.8088401583399463e+07
      3.2299999999999751e+00,      7.3282507107464135e+07,      4.0007336874699153e+07
      3.2399999999999749e+00,     -5.6713372834145725e+07,      1.0507702277259906e+08
      3.2499999999999747e+00,     -7.1564210105285197e+07,      7.6482466698763475e+07
      3.2599999999999745e+00,      9.4318094623441130e+07,      3.0685582307083201e+08
      3.2699999999999743e+00,     -3.0610374535138167e+07,      1.0289465231600298e+07
      3.2799999999999740e+00,     -5.4815331220123804e+08,      9.6545721986310527e+07
      3.2899999999999738e+00,      8.3731176099184998e+10,      9.0093105229946289e+10
      3.2999999999999736e+00,     -2.9584602915667739e+09,     -2.3339360114864821e+09
      3.3099999999999734e+00,     -5.8775303497714186e+08,     -2.0922361581123742e+08
      3.3199999999999732e+00,      1.2270349815638953e+08,     -6.5442062610199964e+08
      3.3299999999999730e+00,      5.4954235858611536e+08,     -8.4461716228792834e+08
      3.3399999999999728e+00,      4.1462733622111484e+07,      9.5879013036433786e+07
      3.3499999999999726e+00,     -2.2231976094741069e+07,     -7.6695771927165002e+07
      3.3599999999999723e+00,      2.9905537054600614e+08,     -1.1885639308601141e+08
      3.3699999999999721e+00,     -2.6360496094975345e+07,      2.7181366162819885e+07
      3.3799999999999719e+00,      2.7244942394960225e+06,     -6.2601549557148382e+07
      3.3899999999999717e+00,     -1.0776641847895223e+08,     -3.3169561905964851e+07
      3.3999999999999715e+00,     -1.4114250971016347e+07,     -2.4949726910771050e+07
      3.4099999999999713e+00,     -9.9737222935595922e+06,     -3.2428871154404909e+05
      3.4199999999999711e+00,      2.7495016542655744e+07,     -1.6674873101514446e+07
      3.4299999999999708e+00,     -5.9651403736189795e+08,      8.4105353500856757e+08
      3.4399999999999706e+00,     -8.4315807308683109e+08,      1.9403269755250256e+09
      3.4499999999999704e+00,      3.7234690494663522e+07,     -2.4065856979540697e+08
      3.4599999999999702e+00,      1.5084618886596820e+08,     -1.0547385279507490e+08
      3.4699999999999700e+00,      5.1896147217472263e+07,     -1.0044099036978076e+08
      3.4799999999999698e+00,     -1.3465689688083895e+07,     -5.0279931206605151e+07
      3.4899999999999696e+00,     -1.1624738308318645e+07,     -3.4416387129806630e+07
      3.4999999999999694e+00,      5.5776695486655310e+07,      2.8576481653685474e+08
      3.5099999999999691e+00,      9.4415218577116475e+07,      9.5619641576461375e+07
      3.5199999999999689e+00,      1.2582524479005830e+07,      3.7565440028421551e+07
      3.5299999999999687e+00,     -3.8581221160066569e+08,      5.7856709126922078e+07
      3.5399999999999685e+00,      1.1632289563121611e+08,     -2.8229843660576117e+08
      3.5499999999999683e+00,     -2.5436144580496472e+08,      4.6460690250499502e+07
      3.5599999999999681e+00,      6.1815117886481695e+07,      8.2382965204970688e+07
      3.5699999999999679e+00,      2.0083519203472096e+08,      2.3569300388060796e+08
      3.5799999999999677e+00,     -8.1079185897485220e+08,     -4.2091204223684126e+08
      3.5899999999999674e+00,     -3.7228274268098682e+07,     -1.0347199602924461e+07
      3.5999999999999672e+00,     -4.2165171957473271e+05,     -2.6789522982592783e+06
      3.6099999999999670e+00,     -4.1675254763727248e+08,     -8.8875524726141536e+08
      3.6199999999999668e+00,      5.2790880067904413e+08,      3.2800668994335616e+08
      3.6299999999999666e+00,     -2.7277946190572989e+08,      3.7688697939749265e+08
      3.6399999999999664e+00,     -2.4037137717248918e+06,      7.3190541662603309e+06
      3.6499999999999662e+00,      1.4778907840776786e+07,     -1.1087420576844208e+07
      3.6599999999999659e+00,      1.5284727478865154e+07,     -5.2233445452238694e+06
      3.6699999999999657e+00,      1.3984365166738944e+07,      7.3234861642638566e+06
      3.6799999999999655e+00,      6.3959906396377748e+06,     -1.9570475312302615e+07
      3.6899999999999653e+00,      6.3511896640262246e+07,     -4.6912415065041771e+06
      3.6999999999999651e+00,      1.1794811390897551e+08,     -2.1315794884031284e+08
      3.7099999999999649e+00,      1.3364135590849414e+07,     -1.5796834184380924e+07
      3.7199999999999647e+00,      2.9021849506231621e+07,     -8.7652868108354107e+07
      3.7299999999999645e+00,      7.0985911954370707e+07,      2.5127451404693481e+08
      3.7399999999999642e+00,     -4.1501549735647023e+08,     -5.9819406066940837e+06
      3.7499999999999640e+00,     -7.5607234453676390e+06,     -2.1081686298887547e+07
      3.7599999999999638e+00,     -1.3606222470859580e+07,      2.4831012526409323e+06
      3.7699999999999636e+00,     -1.1715967572097388e+08,      7.5735055822499231e+07
      3.7799999999999634e+00,      3.4139832004238319e+08,     -5.2603269379092893e+06
      3.7899999999999632e+00,      1.6114942591508627e+06,      2.2158817535439678e+07
      3.7999999999999630e+00,      2.5199026652301699e+07,      2.1224712215302324e+08
      3.8099999999999627e+00,      1.2204457921264242e+08,      6.2618314209177978e+07
      3.8199999999999625e+00,     -7.2017092782628722e+05,      3.1407960031107343e+06
      3.8299999999999623e+00,     -6.2001246484951535e+06,     -1.4847113784101808e+07
      3.8399999999999621e+00,     -6.8182171157814283e+06,     -1.4234151090409400e+07
      3.8499999999999619e+00,     -6.4575956787173934e+06,     -2.1585955628169142e+06
      3.8599999999999617e+00,     -4.9204601974451430e+06,      2.7382311998337605e+06
      3.8699999999999615e+00,     -3.1166555421912831e+08,      1.0796333464714555e+08
      3.8799999999999613e+00,     -3.2279183744178259e+08,     -9.6055365065002933e+07
      3.8899999999999610e+00,     -1.3837328543034649e+08,      8.1684992967019230e+07
      3.8999999999999608e+00,     -5.6671415815706439e+06,      1.3535726417478200e+07
      3.9099999999999606e+00,     -1.0673228921118286e+06,     -1.1754662725182891e+07
      3.9199999999999604e+00,     -3.0307131985644841e+08,     -2.3524429558533099e+08
      3.9299999999999602e+00,      2.5506672318504357e+08,     -1.2073867489525623e+09
      3.9399999999999600e+00,      4.3314526836510718e+07,      8.5721895531386241e+07
      3.9499999999999598e+00,     -6.8745019764754288e+06,     -1.7493590185170684e+07
      3.9599999999999596e+00,     -1.0721857182429060e+08,      3.3666138350478463e+07
      3.9699999999999593e+00,      2.9919062199772567e+07,     -1.1333086603042553e+08
      3.9799999999999591e+00,     -4.6517561531286344e+07,      5.0597355508085951e+07
      3.9899999999999589e+00,     -1.1104561978035824e+08,     -1.0023808715110889e+08
      3.9999999999999587e+00,     -2.3427471020260918e+08,     -6.7063143964349456e+07
      4.0099999999999589e+00,      2.1807685987950921e+08,      3.4979514880627996e+08
      4.0199999999999587e+00,      1.5356418557134855e+08,     -4.3870575866274461e+07
      4.0299999999999585e+00,      6.2459118102038234e+07,      9.3937413234852582e+07
      4.0399999999999583e+00,      2.7558370277924528e+06,     -7.0163111432376057e+06
      4.0499999999999581e+00,      1.5135127146747762e+08,     -8.5003426077776685e+07
      4.0599999999999579e+00,      2.5390918504494649e+08,      2.7487323692194249e+07
      4.0699999999999577e+00,      1.9362632626154608e+08,     -3.6278950768999808e+07
      4.0799999999999574e+00,      4.5048042274975665e+07,     -1.6299622650449805e+07
      4.0899999999999572e+00,      3.2921651039769866e+07,     -5.6797787021391951e+07
      4.0999999999999570e+00,      2.5912844843679637e+07,      8.1657452090180635e+07
      4.1099999999999568e+00,      4.7586934326553486e+07,      5.3311749896409929e+07
      4.1199999999999566e+00,      3.4279087999399686e+08,      3.5194834668101841e+08
      4.1299999999999564e+00,      7.7538604755810368e+08,     -3.9965572245364022e+08
      4.1399999999999562e+00,      8.4341203117066360e+08,     -1.3774879504912217e+09
      4.1499999999999559e+00,     -1.1900614218569678e+08,     -1.3043509630455083e+08
      4.1599999999999557e+00,      1.8230275739992970e+08,     -1.7134920977334940e+09
      4.1699999999999555e+00,     -1.1587435471256855e+08,     -1.7718127705634972e+08
      4.1799999999999553e+00,      9.8104008428125754e+06,      2.2442544029098060e+06
      4.1899999999999551e+00,      2.0355314561385398e+06,      1.7668906091653451e+07
      4.1999999999999549e+00,     -1.0915731561690299e+07,      8.7034522655844763e+06
      4.2099999999999547e+00,     -2.4290332970718123e+07,      4.4704271925061168e+06
      4.2199999999999545e+00,     -1.6313845408058317e+09,      3.5424560271180266e+08
      4.2299999999999542e+00,     -8.7021348095320267e+10,     -1.5134430884909208e+10
      4.2399999999999540e+00,      1.5872205384418230e+09,     -5.5868490134307647e+08
      4.2499999999999538e+00,      1.0749287914319432e+09,      3.7595352954686755e+08
      4.2599999999999536e+00,     -1.2484016032852030e+09,     -4.0959921108236390e+08
      4.2699999999999534e+00,      3.9939858346668591e+09,      2.3549923861872573e+09
      4.2799999999999532e+00,      1.7046570546522412e+09,     -3.7447947088171086e+09
      4.2899999999999530e+00,     -2.7126381284202129e+07,     -1.4509937644205973e+08
      4.2999999999999527e+00,     -2.8943133292131331e+07,      1.5144889713702444e+06
      4.3099999999999525e+00,      9.6542085540735722e+05,     -5.1201723428749088e+06
      4.3199999999999523e+00,      1.5561801707108817e+08,     -3.1053865660006639e+07
      4.3299999999999521e+00,      8.6497869966275126e+07,     -1.0489836678577864e+08
      4.3399999999999519e+00,      4.7823423370537058e+07,     -1.0861352498187810e+08
      4.3499999999999517e+00,      4.2003824126744777e+07,     -7.1287924927334711e+07
      4.3599999999999515e+00,     -1.4034142476784047e+07,     -5.0843936850461468e+07
      4.3699999999999513e+00,      4.6146644343186039e+06,     -2.4783873348464947e+07
      4.3799999999999510e+00,      2.7285681028995204e+08,     -1.8431835821699664e+08
      4.3899999999999508e+00,      1.7101297131092272e+09,      2.3665824453678799e+09
      4.3999999999999506e+00,     -2.1135218662368771e+08,     -7.6702968486666493e+06
      4.4099999999999504e+00,     -5.8517730776190639e+07,     -7.7206004379279041e+08
      4.4199999999999502e+00,     -6.3695874910284877e+07,      9.0406752554252237e+07
      4.4299999999999500e+00,     -6.3117521504121885e+07,      3.2933653416394666e+07
      4.4399999999999498e+00,     -2.8504167497380912e+07,     -5.0776008794290692e+07
      4.4499999999999496e+00,      5.1644378209890634e+07,      4.5899655074037887e+07
      4.4599999999999493e+00,      1.0444756308854328e+08,     -6.5736625974479213e+07
      4.4699999999999491e+00,     -3.1927015312189490e+07,      6.0260447951941915e+07
      4.4799999999999489e+00,      2.3676656105763353e+07,      4.8882342849111594e+07
      4.4899999999999487e+00,      1.3223462459134869e+07,     -8.2233656196564334e+06
      4.4999999999999485e+00,     -3.0081528678339109e+07,      6.5744427126448803e+07
      4.5099999999999483e+00,      1.9745266469377074e+08,      7.9519107095284417e+07
      4.5199999999999481e+00,     -9.8709855286902845e+07,     -7.5638044384299710e+07
      4.5299999999999478e+00,      2.5027968376400974e+05,     -2.4168482910106875e+07
      4.5399999999999476e+00,     -2.7429804301427514e+06,      2.1310015933751985e+06
      4.5499999999999474e+00,      1.0657847797444230e+07,      6.9251659724798836e+06
      4.5599999999999472e+00,      7.7577739802850038e+06,      4.5471082235037468e+07
      4.5699999999999470e+00,      9.2749687118626013e+06,     -2.4482722826582126e+07
      4.5799999999999468e+00,      2.5449146530542314e+07,      6.1054498932119921e+07
      4.5899999999999466e+00,     -7.4175646186086702e+08,      8.8862714555327785e+08
      4.5999999999999464e+00,     -4.9931872729375100e+08,     -1.9196013187271401e+08
      4.6099999999999461e+00,      7.5120951430071425e+08,     -4.3764610139294499e+08
      4.6199999999999459e+00,     -3.5709714091681843e+09,     -8.1389971661259794e+09
      4.6299999999999457e+00,     -2.6118196484640831e+08,      1.0642661320409291e+09
      4.6399999999999455e+00,     -9.3039192820075005e+06,      7.1293460441630527e+07
      4.6499999999999453e+00,     -2.0954185397868484e+08,     -1.9121257350647816e+08
      4.6599999999999451e+00,      2.8803205628822124e+08,     -3.0295939659003776e+08
      4.6699999999999449e+00,     -1.9380059441195140e+06,      7.3822173186192513e+07
      4.6799999999999446e+00,      8.8793107936517093e+06,     -1.5137984542447213e+07
      4.6899999999999444e+00,     -9.4194762095927045e+07,      1.8499851643774897e+08
      4.6999999999999442e+00,      2.8403022867440777e+09,      1.1998868042601080e+09
      4.7099999999999440e+00,     -1.9115682218984985e+08,      5.0405390581184709e+08
      4.7199999999999438e+00,     -4.1078417172630584e+08,     -1.3698985663848644e+08
      4.7299999999999436e+00,     -2.1886696241993055e+07,     -3.0000740962374854e+08
      4.7399999999999434e+00,     -3.8737162276304042e+08,     -1.7431202984082729e+08
      4.7499999999999432e+00,     -2.8114056004446063e+07,      4.4651939812856100e+07
      4.7599999999999429e+00,      4.5978856912802577e+08,      3.2892437536108899e+08
      4.7699999999999427e+00,      3.7884129627313261e+09,      2.3016534124879255e+09
      4.7799999999999425e+00,      4.9514721400080100e+07,      3.8057260188315970e+08
      4.7899999999999423e+00,     -1.8947604351156718e+08,     -9.1672765793255672e+07
      4.7999999999999421e+00,     -8.5712625906898782e+07,     -3.8690115393035226e+07
      4.8099999999999419e+00,     -1.9943203653166899e+08,      1.3221108680745131e+08
      4.8199999999999417e+00,      2.1428014478862353e+07,     -1.8096989327110365e+07
      4.8299999999999415e+00,      6.6214647833609954e+06,      7.5161775728809182e+06
      4.8399999999999412e+00,      1.1679146262413054e+06,     -5.0467004597964585e+06
      4.8499999999999410e+00,     -5.3296134129332101e+08,     -2.3005385737762433e+08
      4.8599999999999408e+00,     -8.0491281651828313e+08,      5.4491105486191237e+08
      4.8699999999999406e+00,      1.1959705904868021e+09,     -1.2451803836991425e+08
      4.8799999999999404e+00,      7.9509541153214425e+06,      7.7031448481895402e+07
      4.8899999999999402e+00,     -2.0257310600667754e+08,     -1.0810813619832354e+07
      4.8999999999999400e+00,     -7.7845505126396716e+08,     -2.7816216171291029e+08
      4.9099999999999397e+00,     -5.1698922867798257e+08,      1.4821015866926906e+09
      4.9199999999999395e+00,     -8.6139763589712918e+07,     -3.0539204528077310e+08
      4.9299999999999393e+00,     -1.0074914801587850e+07,     -1.4884836939208802e+07
      4.9399999999999391e+00,     -5.5354106778034382e+07,      5.4172657872300498e+07
      4.9499999999999389e+00,     -8.0989375697890472e+08,     -1.8279221762663880e+08
      4.9599999999999387e+00,     -4.9420348103866592e+07,     -4.9648968553663678e+07
      4.9699999999999385e+00,      1.0307990226199074e+08,      3.7404159051406419e+08
      4.9799999999999383e+00,     -6.1156680964674830e+08,     -1.5663527088840761e+09
      4.9899999999999380e+00,      4.9173921730581576e+08,      1.9131002008974876e+07
      4.9999999999999378e+00,      1.2629040944039686e+08,     -4.9297469618660517e+07
      5.0099999999999376e+00,     -2.9434568717008132e+08,      1.1556681209643373e+09
      5.0199999999999374e+00,      1.2579502141456840e+09,      9.8146332964640832e+08
      5.0299999999999372e+00,      3.8772314441873446e+07,      1.2962900443113342e+08
      5.0399999999999370e+00,      6.0980945974997498e+07,      6.0232851967400059e+07
      5.0499999999999368e+00,      1.1520151838090293e+07,      3.7791303452075221e+07
      5.0599999999999365e+00,     -3.0870332102107811e+08,      3.5081373793634331e+08
      5.0699999999999363e+00,      7.7086790497735962e+06,     -3.3720277674681157e+07
      5.0799999999999361e+00,     -9.7910644785164185e+06,      1.1638973016523488e+06
      5.0899999999999359e+00,      4.6404237885984564e+06,      4.0079345003876057e+06
      5.0999999999999357e+00,      6.2635934771115370e+06,     -2.4780771827967972e+06
      5.1099999999999355e+00,     -5.1937407305252127e+07,     -1.2459238268174503e+07
      5.1199999999999353e+00,      1.8417973843588591e+08,      5.3142511352430087e+08
      5.1299999999999351e+00,     -1.4089442944551356e+09,     -2.7738157344142942e+09
      5.1399999999999348e+00,      7.6549692161064327e+07,     -2.3140094829064456e+08
      5.1499999999999346e+00,     -1.0445207322908130e+08,      3.4149330587903750e+08
      5.1599999999999344e+00,      5.8615936290056407e+06,     -3.0647308689411137e+07
      5.1699999999999342e+00,      6.1611547558896899e+08,      2.9072135571944016e+08
      5.1799999999999340e+00,      1.4387748108202592e+06,      1.8629800507451546e+08
      5.1899999999999338e+00,     -2.8168653674452141e+07,      9.0111422912928072e+04
      5.1999999999999336e+00,      2.1258036586993396e+07,     -6.8848901116748368e+06
      5.2099999999999334e+00,      2.8511234065713268e+06,      1.6993906562689818e+07
      5.2199999999999331e+00,      8.3590092273470193e+07,     -6.1597376638973072e+07
      5.2299999999999329e+00,      1.1113622994581711e+08,      2.3676139606729869e+07
      5.2399999999999327e+00,     -3.1830451065840447e+08,     -1.7701557876536602e+08
      5.2499999999999325e+00,      8.2944369768714130e+08,      9.0855243609571552e+08
      5.2599999999999323e+00,     -2.4449182303080328e+07,     -7.2793106445440752e+06
      5.2699999999999321e+00,     -2.7765165640075129e+08,     -1.7735247477902225e+08
      5.2799999999999319e+00,      4.4079523241498604e+07,     -5.9015739123729162e+07
      5.2899999999999316e+00,     -6.0816941136468472e+06,      2.2408701380907319e+07
      5.2999999999999314e+00,     -5.1724771731438534e+06,      4.6904775173041914e+06
      5.3099999999999312e+00,     -7.8031840960390627e+07,     -1.8966018737067264e+07
      5.3199999999999310e+00,     -3.8930711762864673e+11,      1.0313961566023134e+12
      5.3299999999999308e+00,     -6.9712214102004187e+11,      5.3370776642102509e+10
      5.3399999999999306e+00,      4.3488966807551971e+11,     -2.9787141247164856e+10
      5.3499999999999304e+00,     -5.2055161228404067e+07,      2.4969896933235563e+06
      5.3599999999999302e+00,     -1.4596405256097907e+08,      1.2887226807622230e+08
      5.3699999999999299e+00,     -1.4927805982962143e+09,      1.2928071033358920e+09
      5.3799999999999297e+00,     -3.8639290248889885e+09,     -7.7368190558807678e+09
      5.3899999999999295e+00,     -8.1841121122256577e+08,     -3.6776417015908265e+08
      5.3999999999999293e+00,      3.5244859178755677e+08,      1.1795481967365155e+08
      5.4099999999999291e+00,     -1.9505952465573296e+07,     -2.0068238818703568e+08
      5.4199999999999289e+00,     -1.6126536579310280e+08,     -1.6431188259782010e+08
      5.4299999999999287e+00,     -5.6511172063607067e+07,     -1.3301286708743070e+08
      5.4399999999999284e+00,      4.3556961547141045e+07,      5.7460714596010193e+07
      5.4499999999999282e+00,      1.2378282486716521e+08,     -4.9268546241476744e+07
      5.4599999999999280e+00,      5.3004411626682985e+08,     -9.6818658690797544e+08
      5.4699999999999278e+00,      7.5192733496931469e+08,      4.3364017777282864e+08
      5.4799999999999276e+00,     -1.0312888937824923e+10,     -1.0232599745528595e+10
      5.4899999999999274e+00,      6.7123893062976658e+08,      1.5557553847405922e+08
      5.4999999999999272e+00,     -6.4736653946856890e+09,     -1.1126628484236524e+09
      5.5099999999999270e+00,      1.7236627402749211e+08,     -3.9092274167394269e+08
      5.5199999999999267e+00,      1.1389703736667719e+07,     -1.9024941158997584e+07
      5.5299999999999265e+00,      1.5996720920427414e+07,     -1.0580662698274960e+08
      5.5399999999999263e+00,     -1.4074834645612732e+07,      3.5761257282505795e+07
      5.5499999999999261e+00,      2.1506124992985982e+08,     -1.2958377367425318e+08
      5.5599999999999259e+00,      2.8507192604301572e+08,     -2.7737093257181543e+08
      5.5699999999999257e+00,      1.5312965490708411e+09,      5.1047488105879527e+08
      5.5799999999999255e+00,     -2.6065820157157505e+08,      6.0502907757668281e+08
      5.5899999999999253e+00,      9.5090276655240953e+07,      1.3027161543452585e+08
      5.5999999999999250e+00,     -5.0170203009145766e+07,     -3.1839609409054993e+06
      5.6099999999999248e+00,      9.3443785368377417e+07,     -7.3991858638818581e+06
      5.6199999999999246e+00,      2.9690406900956377e+07,     -5.0226765682750039e+07
      5.6299999999999244e+00,      6.9259595494251847e+06,      1.6143528951815650e+07
      5.6399999999999242e+00,     -1.3389481841198739e+07,     -5.1841180130222635e+06
      5.6499999999999240e+00,      3.4431742715013046e+06,     -8.3546468418589924e+06
      5.6599999999999238e+00,      9.2978729027239215e+08,      2.8838526249391931e+08
      5.6699999999999235e+00,      9.7579059704767275e+08,     -1.8734198002431953e+09
      5.6799999999999233e+00,      3.4829784446467221e+08,      4.4729859605810726e+08
      5.6899999999999231e+00,      8.5678617705642879e+06,      1.2149319135438528e+07
      5.6999999999999229e+00,      1.3065439599743519e+09,     -3.7288450658681653e+07
      5.7099999999999227e+00,      7.1656799822027206e+07,     -1.2906415807270166e+08
      5.7199999999999225e+00,      1.2410167924211278e+09,      3.4108324259528142e+08
      5.7299999999999223e+00,      2.0020802849790785e+08,      9.8778859658157513e+07
      5.7399999999999221e+00,     -2.5932678334961116e+07,      2.7221232500938930e+07
      5.7499999999999218e+00,      8.6359283118626207e+07,      7.8568826720261261e+07
      5.7599999999999216e+00,     -2.5394672345847387e+07,     -1.2790729407078931e+08
      5.7699999999999214e+00,      5.8834769454628602e+07,      9.9633678559272632e+07
      5.7799999999999212e+00,     -2.5482247714760792e+07,      1.0059918901103135e+07
      5.7899999999999210e+00,     -1.5328122947758470e+07,      1.2268108714989950e+08
      5.7999999999999208e+00,     -1.0861605282129830e+08,      6.6090088448448256e+07
      5.8099999999999206e+00,     -3.2889934389771245e+07,      9.2429859197945878e+07
      5.8199999999999203e+00,     -3.7750432502605450e+08,      1.5617019097497863e+08
      5.8299999999999201e+00,      1.9591680980488050e+08,      5.0899368627724387e+07
      5.8399999999999199e+00,      1.2210137873565722e+07,      3.1864790553474780e+07
      5.8499999999999197e+00,      7.2704499905081289e+06,      5.1326863427369650e+06
      5.8599999999999195e+00,     -1.1006818976332609e+07,      2.2470970443321910e+07
      5.8699999999999193e+00,      9.8639885556986749e+07,     -1.1344943885810572e+08
      5.8799999999999191e+00,     -3.3303305699926388e+08,      1.7237984556933850e+08
      5.8899999999999189e+00,     -1.0121187678109574e+08,      7.7488607528751614e+06
      5.8999999999999186e+00,      6.1839103918909207e+07,     -2.6629955014999989e+07
      5.9099999999999184e+00,      1.1311712578211945e+08,      7.8178201201067045e+07
      5.9199999999999182e+00,     -5.9080773404891348e+08,      1.8015518075493581e+09
      5.9299999999999180e+00,     -6.5896407822350711e+07,     -4.5976544826510493e+06
      5.9399999999999178e+00,     -9.4823700157615113e+08,      2.8952149898436409e+08
      5.9499999999999176e+00,      3.6146214141068019e+07,      4.1311235362698400e+08
      5.9599999999999174e+00,     -2.3380069541364968e+08,      2.6361413065710312e+08
      5.9699999999999172e+00,     -5.1474067512823558e+08,     -1.3908327581501588e+07
      5.9799999999999169e+00,      7.5389020337418544e+08,      5.6297825784180117e+08
      5.9899999999999167e+00,     -1.8016377936934507e+08,      1.5584410512700102e+09
      5.9999999999999165e+00,     -2.1338549245535016e+08,      1.7295097380543172e+08
      6.0099999999999163e+00,     -1.4433334744306415e+08,      2.8992415202244782e+08
      6.0199999999999161e+00,     -3.3279080595993854e+07,     -5.8492673828592068e+06
      6.0299999999999159e+00,      4.3477340005797043e+07,     -1.1039768750200979e+07
      6.0399999999999157e+00,     -3.4460020710543633e+07,     -6.5567195420550115e+07
      6.0499999999999154e+00,     -2.2643074420548958e+08,     -2.0556593571321940e+08
      6.0599999999999152e+00,     -1.2093208013568459e+09,     -8.7620826719958767e+07
      6.0699999999999150e+00,      1.8680564620213039e+07,     -3.4935484497843191e+07
      6.0799999999999148e+00,      2.4122460020235062e+08,      2.9108348943204373e+08
      6.0899999999999146e+00,     -8.1530707920399261e+08,     -5.4468158509707905e+07
      6.0999999999999144e+00,     -8.7003235268926084e+07,      4.6747539825901955e+07
      6.1099999999999142e+00,     -6.0466957827194405e+08,     -1.6012298584007278e+08
      6.1199999999999140e+00,     -4.4497592548362560e+09,      5.4944643678175488e+09
      6.1299999999999137e+00,      4.1566108159919715e+08,      6.4478827757381511e+08
      6.1399999999999135e+00,      6.5746406117094457e+06,      1.4808000670449270e+07
      6.1499999999999133e+00,     -5.8036390765849417e+06,     -6.7767948476518020e+06
      6.1599999999999131e+00,     -2.7434450179016858e+07,      1.0699858436475040e+07
      6.1699999999999129e+00,      1.1300602695481408e+08,      1.3431896996473357e+08
      6.1799999999999127e+00,     -1.8898634578717083e+07,     -2.2287743583838423e+06
      6.1899999999999125e+00,     -3.0821755564275537e+07,     -6.5400277975182988e+07
      6.1999999999999122e+00,     -2.9308221752855927e+04,     -1.4318252924047705e+07
      6.2099999999999120e+00,     -1.0502988133871457e+07,     -5.5485808175333659e+05
      6.2199999999999118e+00,     -1.4187227436716780e+08,     -3.2259766716982789e+07
      6.2299999999999116e+00,      4.6131899298663393e+07,     -3.9020821222950965e+07
      6.2399999999999114e+00,      1.6295178980213583e+07,     -2.7959787841113318e+07
      6.2499999999999112e+00,     -3.1379296702821225e+07,      4.1705515019775920e+07
      6.2599999999999110e+00,      3.8240798485649358e+06,      1.5922926446861129e+06
      6.2699999999999108e+00,     -1.8361438799358264e+07,      4.5888896680989368e+06
      6.2799999999999105e+00,     -1.5755621922146998e+07,     -4.8025566712147154e+07
      6.2899999999999103e+00,      2.6790514514524527e+06,     -4.6910887695311774e+06
      6.2999999999999101e+00,     -5.9505687807994023e+07,     -4.4878944396253389e+08
      6.3099999999999099e+00,     -9.3366978647654521e+08,     -6.6863580920262527e+08
      6.3199999999999097e+00,     -1.2268911764103987e+09,      1.1618179347903195e+08
      6.3299999999999095e+00,      2.3661806475047040e+08,     -9.9388789189346898e+08
      6.3399999999999093e+00,     -2.6440391182300371e+08,     -2.0380267132864869e+08
      6.3499999999999091e+00,     -6.3065127280555546e+07,      1.9416808162246993e+08
      6.3599999999999088e+00,      8.3091599920594394e+07,     -5.2894236243129529e+07
      6.3699999999999086e+00,      7.4037688539366439e+07,     -8.8262986427748963e+07
      6.3799999999999084e+00,     -7.9818503155899882e+07,     -9.8588509598988861e+07
      6.3899999999999082e+00,      7.9672500151294243e+08,      6.1670400577537942e+08
      6.3999999999999080e+00,     -6.6342759349845305e+07,     -7.3540354601813063e+07
      6.4099999999999078e+00,     -1.7996652965973479e+08,      7.3780161838607654e+07
      6.4199999999999076e+00,     -3.8324958293812394e+08,     -2.3608213198148233e+08
      6.4299999999999073e+00,     -6.3267122198021241e+07,     -2.5026572934522234e+07
      6.4399999999999071e+00,      7.4352121917279017e+08,     -3.9559939619753405e+07
      6.4499999999999069e+00,      6.0349201830106586e+07,      2.4442999032395858e+07
      6.4599999999999067e+00,     -1.9455634635644379e+08,      1.2900837760401919e+08
      6.4699999999999065e+00,     -3.6943782835151786e+06,     -4.0105890029533491e+07
      6.4799999999999063e+00,     -3.3651860291498125e+07,     -1.4924835166616259e+07
      6.4899999999999061e+00,     -1.0268891619227612e+07,     -2.1221681524465464e+07
      6.4999999999999059e+00,     -5.5554014173873320e+07,      8.3695691277218461e+06
      6.5099999999999056e+00,      3.9904187956563473e+07,     -2.5255069586565543e+07
      6.5199999999999054e+00,     -1.0105786251921606e+08,     -4.5301264724450931e+07
      6.5299999999999052e+00,     -4.7436965349696398e+07,      1.1731883893355975e+08
      6.5399999999999050e+00,      5.9115233078534335e+07,      1.0852272884238791e+07
      6.5499999999999048e+00,      2.0099921027179985e+09,      7.0141970538803600e+06
      6.5599999999999046e+00,     -1.7702240975279066e+08,     -1.4157543372689686e+09
      6.5699999999999044e+00,     -2.9477765861410170e+09,     -1.5454725844702324e+08
      6.5799999999999041e+00,      8.9693252819772333e+07,     -4.3627382187365152e+07
      6.5899999999999039e+00,     -4.2320477171578348e+07,      3.3326260535754496e+08
      6.5999999999999037e+00,     -5.0971925657570708e+08,     -5.9119001220888269e+08
      6.6099999999999035e+00,     -5.2484753154797725e+07,     -3.2703062145123173e+07
      6.6199999999999033e+00,      2.9635840473431014e+07,      5.2974562096000850e+07
      6.6299999999999031e+00,      9.9894528600813057e+06,      8.7159792341330163e+06
      6.6399999999999029e+00,     -2.1413672864876520e+07,      3.1384052931293663e+07
      6.6499999999999027e+00,     -1.1863941301489353e+07,      1.4650280011561142e+07
      6.6599999999999024e+00,     -1.0906793428223309e+08,      8.1280308962523848e+07
      6.6699999999999022e+00,      2.5004194499966148e+08,      3.2252806581175274e+08
      6.6799999999999020e+00,     -1.8494345013539928e+08,     -1.4081301901732126e+08
      6.6899999999999018e+00,     -9.2096326692209318e+07,     -4.8839488838055367e+06
      6.6999999999999016e+00,      2.3475566095723608e+08,      1.5801227157836381e+08
      6.7099999999999014e+00,     -8.5538041328393149e+08,     -1.3188959353699891e+08
      6.7199999999999012e+00,      1.0230617854470246e+09,     -3.1663134179990869e+09
      6.7299999999999010e+00,     -1.5597563667861173e+09,      2.6857062118204751e+09
      6.7399999999999007e+00,     -3.6407754724071324e+08,     -2.2215854266804567e+08
      6.7499999999999005e+00,      1.3976717868395030e+07,      4.9525835535274267e+07
      6.7599999999999003e+00,     -2.9666169099230212e+08,      1.2581722162314231e+09
      6.7699999999999001e+00,     -6.4356984930403709e+08,     -7.4036833912586248e+08
      6.7799999999998999e+00,     -1.6200383375932140e+09,      1.4177302733422558e+09
      6.7899999999998997e+00,     -8.5224174960612543e+06,     -1.3075461418524198e+08
      6.7999999999998995e+00,     -6.4966464208941787e+07,     -3.0052569615824688e+07
      6.8099999999998992e+00,     -5.9984142797238063e+06,     -5.3804046927364208e+07
      6.8199999999998990e+00,      4.8455811326462299e+07,     -2.8507209927747750e+08
      6.8299999999998988e+00,      5.8824259896865770e+07,     -8.4584386013836414e+07
      6.8399999999998986e+00,     -2.6008409314107919e+08,     -6.0126832803297276e+06
      6.8499999999998984e+00,      7.3791670899903521e+07,     -5.9576960289322713e+05
      6.8599999999998982e+00,     -1.4366618338823849e+08,      9.9994721872229762e+06
      6.8699999999998980e+00,     -2.5660313883480889e+08,      5.3818809190625571e+07
      6.8799999999998978e+00,     -2.0483597805366182e+08,      9.5684208791641939e+08
      6.8899999999998975e+00,      2.8532396719389305e+07,     -5.4082659734043717e+07
      6.8999999999998973e+00,      1.0454743136567171e+08,      7.3192113228398874e+07
      6.9099999999998971e+00,      1.0812409762729749e+08,     -5.9422106645171987e+06
      6.9199999999998969e+00,     -5.2591406806165176e+10,     -2.7262933483069611e+09
      6.9299999999998967e+00,     -2.5666451266897278e+10,      2.7626447432651741e+10
      6.9399999999998965e+00,     -1.1562539536045447e+07,     -8.1796173960749611e+07
      6.9499999999998963e+00,      6.1935389736643881e+06,     -1.0156884405278161e+06
      6.9599999999998960e+00,      1.1418219146807717e+07,     -4.8607666472106306e+06
      6.9699999999998958e+00,      1.0799019164971337e+06,      2.2205319454387337e+07
      6.9799999999998956e+00,     -2.0616714775188443e+08,     -7.9291570544380680e+07
      6.9899999999998954e+00,     -1.7770906111579023e+07,     -6.3277107611445583e+07
      6.9999999999998952e+00,     -5.1775595670223266e+07,      1.0093789259649931e+07
      7.0099999999998950e+00,     -3.7526551805463955e+06,      3.3604777502701869e+06
      7.0199999999998948e+00,     -3.1819167775797629e+08,     -4.0298451173691124e+08
      7.0299999999998946e+00,      1.2575058981581640e+08,      5.6453017632026482e+08
      7.0399999999998943e+00,      2.7038777841523647e+07,     -1.9213897789953899e+08
      7.0499999999998941e+00,      7.9119581792626530e+06,      2.7587937393013336e+07
      7.0599999999998939e+00,     -2.1892442519792327e+08,      4.2247349858118065e+07
      7.0699999999998937e+00,      2.4609658182344787e+07,     -2.0551549948033076e+07
      7.0799999999998935e+00,      4.2482525378960207e+07,     -4.1255238656671964e+07
      7.0899999999998933e+00,      1.7639985890815735e+07,     -1.0557739404253930e+07
      7.0999999999998931e+00,      5.0662269093833350e+07,      3.3341229416678771e+07
      7.1099999999998929e+00,     -2.9994591606582087e+07,      5.0049070505900450e+07
      7.1199999999998926e+00,      3.5719585596002370e+07,     -4.4231888237467743e+06
      7.1299999999998924e+00,     -2.5492078676877692e+06,     -7.6947679099804815e+06
      7.1399999999998922e+00,     -2.9815888313287333e+07,      1.3284114553316596e+06
      7.1499999999998920e+00,      3.2695008257034332e+07,      3.7852148734684512e+07
      7.1599999999998918e+00,     -8.0943330261648607e+08,     -6.0213276267040896e+08
      7.1699999999998916e+00,      1.6170959164090189e+08,     -3.6497808707932860e+07
      7.1799999999998914e+00,      1.3330781732332659e+08,     -1.1356820893186054e+08
      7.1899999999998911e+00,     -7.6331184228000462e+07,      5.1484595630092674e+08
      7.1999999999998909e+00,      2.6585838463243465e+09,      7.0454419364093864e+08
      7.2099999999998907e+00,      3.5701623924928391e+08,      7.4367247433283722e+08
      7.2199999999998905e+00,      9.5247096442112952e+07,     -5.2893408294576500e+05
      7.2299999999998903e+00,      4.2380724984974809e+07,     -1.1719721754123122e+08
      7.2399999999998901e+00,     -1.3011772852274349e+08,     -1.0716279599481957e+08
      7.2499999999998899e+00,      4.7821979108982903e+08,     -1.1520377967469202e+07
      7.2599999999998897e+00,      1.0569448641739213e+08,      6.2328847508138813e+07
      7.2699999999998894e+00,      6.2917386900090076e+07,      2.0518507616848953e+07
      7.2799999999998892e+00,      1.3918571370683033e+09,      6.5074640234537399e+08
      7.2899999999998890e+00,      9.4193038627804542e+08,     -1.6124212182678819e+09
      7.2999999999998888e+00,     -7.3851815738802123e+08,     -9.6254770107555762e+07
      7.3099999999998886e+00,      2.0157754170891337e+07,      2.9064377895528775e+07
      7.3199999999998884e+00,     -2.4717943151593596e+08,      5.8678078863340087e+07
      7.3299999999998882e+00,      1.1124195728301615e+08,      4.2543400855400616e+08
      7.3399999999998879e+00,     -1.9256448610989493e+08,      8.1685899446674836e+08
      7.3499999999998877e+00,     -2.4835812601576080e+10,     -1.1692739568911644e+10
      7.3599999999998875e+00,     -1.1475026989503548e+10,     -1.1326575285852480e+10
      7.3699999999998873e+00,      3.6074736091431725e+08,     -3.9803204734268928e+08
      7.3799999999998871e+00,     -1.9297398451240640e+06,     -1.2166085534307020e+07
      7.3899999999998869e+00,      4.4649725100262798e+06,      3.1621434793652007e+06
      7.3999999999998867e+00,     -1.6098139439569360e+08,     -1.2335796331990458e+07
      7.4099999999998865e+00,     -2.8552252751410139e+08,     -5.3711759629987597e+07
      7.4199999999998862e+00,      3.8996731522680536e+07,     -3.3332283036276191e+07
      7.4299999999998860e+00,      3.5576901898804224e+08,      7.4026977869960904e+08
      7.4399999999998858e+00,     -5.7099279209123588e+08,     -3.4169387714956415e+08
      7.4499999999998856e+00,     -2.8469736771703926e+06,     -5.2981829874665231e+07
      7.4599999999998854e+00,      6.5180020988180749e+06,     -8.0770206793257529e+06
      7.4699999999998852e+00,     -1.6753965741458905e+08,     -1.3253708998327501e+08
      7.4799999999998850e+00,      2.3328020483888235e+09,     -7.4923068376019773e+09
      7.4899999999998847e+00,      6.4215993418820047e+08,     -6.4146500095107472e+08
      7.4999999999998845e+00,     -1.1647431349728348e+09,      6.1496798595569062e+08
      7.5099999999998843e+00,      3.1853974493603634e+10,     -2.8748939514378548e+10
      7.5199999999998841e+00,      5.2970905702307983e+10,      1.0848483049851067e+10
      7.5299999999998839e+00,      2.2873257987571049e+09,      1.0708488920541339e+09
      7.5399999999998837e+00,      9.5294861737362057e+07,      8.7925325600705713e+07
      7.5499999999998835e+00,      4.4660114559231028e+07,      1.7352302964181058e+07
      7.5599999999998833e+00,      1.3367414477719229e+08,      5.5479541145560300e+08
      7.5699999999998830e+00,     -1.7233754302981836e+08,     -2.4240149547781542e+08
      7.5799999999998828e+00,     -5.3085538102377523e+06,      1.7887773752483297e+07
      7.5899999999998826e+00,     -9.7454326851531155e+06,      4.3186896208425825e+06
      7.5999999999998824e+00,      7.0920261838208549e+06,      2.8959540781757152e+06
      7.6099999999998822e+00,      5.1258361661818689e+06,      8.5050167705909570e+05
      7.6199999999998820e+00,     -1.5271983073031908e+08,      8.4195909486951172e+07
      7.6299999999998818e+00,     -1.9861104214878881e+08,      2.6438456610965210e+08
      7.6399999999998816e+00,     -2.1046722851044494e+08,      1.7515710786460862e+08
      7.6499999999998813e+00,      2.8265473749014307e+06,      4.5657593136657579e+06
      7.6599999999998811e+00,     -8.0735075936139375e+06,      3.4793088414231077e+07
      7.6699999999998809e+00,      5.0175592207221746e+07,      1.7303861666606092e+06
      7.6799999999998807e+00,      7.6824438119607463e+07,      5.4889449722921479e+08
      7.6899999999998805e+00,      1.4027307411769778e+08,     -6.0059893127842702e+07
      7.6999999999998803e+00,     -5.5358509271379083e+07,      2.0562905576787513e+07
      7.7099999999998801e+00,      4.8198555919326581e+06,     -3.5940467609961941e+06
      7.7199999999998798e+00,      6.2631756133531854e+06,     -1.2283156452117786e+06
      7.7299999999998796e+00,      5.1580202524365023e+07,      5.4219313410145186e+07
      7.7399999999998794e+00,     -9.1743512035917751e+06,     -1.4389746070494986e+08
      7.7499999999998792e+00,      2.3734424632078242e+07,      6.5731899554365560e+07
      7.7599999999998790e+00,     -3.5023868030352667e+07,     -2.7444430881724350e+07
      7.7699999999998788e+00,     -1.7925720377422915e+09,     -1.2687645911725516e+09
      7.7799999999998786e+00,      8.6283810171678972e+08,      2.1607548285187750e+09
      7.7899999999998784e+00,      2.3110579206143063e+08,      2.8985561555096561e+08
      7.7999999999998781e+00,      4.2802396962959170e+06,     -3.6771293108995901e+06
      7.8099999999998779e+00,      4.6026979449198730e+06,     -6.2876764542998262e+06
      7.8199999999998777e+00,      6.9842312876978926e+06,      2.6992216292283352e+07
      7.8299999999998775e+00,     -1.3264500991226900e+06,      3.6243427200608752e+06
      7.8399999999998773e+00,      9.1030612859960925e+06,      1.4970618174269779e+07
      7.8499999999998771e+00,     -8.8661363932179809e+07,      2.7861466535332310e+08
      7.8599999999998769e+00,      1.9485111751161879e+08,      3.4795547617937714e+07
      7.8699999999998766e+00,     -8.0586315824682683e+07,      1.5184952233078328e+08
      7.8799999999998764e+00,      2.1485255604270056e+07,      2.8355318144296330e+08
      7.8899999999998762e+00,     -1.7785488122751988e+07,      2.2493070054443538e+07
      7.8999999999998760e+00,      1.9894663664435096e+07,     -1.7666515899007279e+07
      7.9099999999998758e+00,     -1.9078831567802823e+08,      1.7462842884782353e+08
      7.9199999999998756e+00,      5.8188723993569165e+06,      9.2608571590876639e+07
      7.9299999999998754e+00,     -2.4596674434851393e+07,     -6.1614099709915929e+06
      7.9399999999998752e+00,     -1.4660125193226043e+07,     -7.4309880216069534e+07
      7.9499999999998749e+00,     -8.3999479342949957e+07,     -3.6693755073046461e+07
      7.9599999999998747e+00,      4.7735673257945217e+07,     -3.3776712854838192e+07
      7.9699999999998745e+00,      3.1279369142973536e+08,      2.4331658736514562e+08
      7.9799999999998743e+00,      7.4117762241520846e+08,      6.4673640025128388e+08
      7.9899999999998741e+00,     -2.5066807540110890e+07,      3.5740860640958810e+08
      7.9999999999998739e+00,     -2.2075624968669564e+07,      1.4512382161566125e+07
      8.0099999999998737e+00,     -4.5714454988786757e+07,      5.2976042286500752e+07
      8.0199999999998735e+00,      5.2916462020780712e+07,      5.3860319560791373e+07
      8.0299999999998732e+00,      5.1787389467163291e+06,     -1.4933567696148701e+07
      8.0399999999998730e+00,     -3.8611807850583699e+06,      1.5619360477329644e+06
      8.0499999999998728e+00,      1.8255085972524967e+07,     -1.2632692736097075e+07
      8.0599999999998726e+00,     -8.6736665338254571e+07,     -1.3717757050827506e+08
      8.0699999999998724e+00,     -5.2000768421992630e+07,      2.3330154400403604e+07
      8.0799999999998722e+00,      7.1707121634941697e+07,     -4.8384476063705429e+07
      8.0899999999998720e+00,     -9.5564023512047976e+06,     -6.3078120720375173e+07
      8.0999999999998717e+00,      6.6193860026266597e+07,      1.6831423100806646e+07
      8.1099999999998715e+00,     -8.4663073480836660e+07,     -3.9239291736128405e+07
      8.1199999999998713e+00,     -3.2549894910368472e+07,     -1.7449621132879245e+08
      8.1299999999998711e+00,     -1.5601907484423998e+08,      5.1220086218821079e+07
      8.1399999999998709e+00,      2.9408881742226964e+08,     -1.7180882911980951e+08
      8.1499999999998707e+00,      1.0604653039169818e+07,     -3.4994597681286192e+08
      8.1599999999998705e+00,      2.9287756006127197e+07,     -5.4702391079409130e+07
      8.1699999999998703e+00,     -4.3627256770088363e+08,     -5.5443518838782120e+08
      8.1799999999998700e+00,     -2.5930665668540087e+08,     -2.6521692981756434e+07
      8.1899999999998698e+00,      6.5648789031670615e+07,      2.6634872304973487e+07
      8.1999999999998696e+00,     -6.8481370652438641e+07,     -1.5979159226163246e+07
      8.2099999999998694e+00,     -7.7957851558042347e+07,     -5.0624875231274307e+07
      8.2199999999998692e+00,      1.2859257825573808e+08,      1.1515989292505428e+07
      8.2299999999998690e+00,     -3.5359609303813525e+07,     -4.1733948292050585e+06
      8.2399999999998688e+00,     -1.1907492102722013e+08,      1.1978364833283560e+08
      8.2499999999998685e+00,     -6.5987856826876223e+07,      3.2828142817312694e+08
      8.2599999999998683e+00,     -7.7502715351101437e+09,      2.6149622353393345e+09
      8.2699999999998681e+00,     -1.8827276488386351e+08,      1.8968661345298717e+09
      8.2799999999998679e+00,     -3.0022580790349078e+08,      3.0106292108419365e+08
      8.2899999999998677e+00,     -8.0123584374956042e+05,     -2.1526260683411169e+06
      8.2999999999998675e+00,     -5.5785241403882019e+07,      4.0978064168177947e+07
      8.3099999999998673e+00,      3.6794442186651915e+07,      5.7943154546642520e+07
      8.3199999999998671e+00,     -4.8170936009178400e+07,      9.4855704094440758e+08
      8.3299999999998668e+00,      2.3211953137480354e+08,      7.1628223926356900e+08
      8.3399999999998666e+00,     -1.6032940879112312e+08,     -1.3403834465955369e+08
      8.3499999999998664e+00,     -1.0458590051692970e+07,      3.0267089118078265e+07
      8.3599999999998662e+00,      1.6445288815082878e+07,     -3.5723187341847844e+07
      8.3699999999998660e+00,      2.3417832599561278e+07,      5.2704002680283673e+07
      8.3799999999998658e+00,     -2.8933335037104242e+07,     -1.3820898895750908e+07
      8.3899999999998656e+00,      1.2778630491588514e+09,     -3.9785451805335474e+08
      8.3999999999998654e+00,     -1.2479581287776017e+09,      7.6963875517160225e+08
      8.4099999999998651e+00,     -1.1343610888024135e+08,     -1.6841490797076106e+07
      8.4199999999998649e+00,     -8.1577400192705169e+06,      2.2521074685445525e+07
      8.4299999999998647e+00,      1.5689135663503734e+07,     -4.3672907638082337e+06
      8.4399999999998645e+00,     -5.8692740637609325e+07,     -2.1753847573095165e+07
      8.4499999999998643e+00,     -1.7556702742302942e+08,      2.5008300981593272e+08
      8.4599999999998641e+00,      2.9863739491140842e+07,     -2.1004566774476610e+07
      8.4699999999998639e+00,     -3.9169924288740493e+06,     -8.4060588027478859e+07
      8.4799999999998636e+00,      3.0387017562246299e+08,      5.3090634882771665e+08
      8.4899999999998634e+00,      3.7604824710866764e+07,      1.8151807868154237e+08
      8.4999999999998632e+00,      7.1855765154781997e+07,     -8.4668232218281068e+06
      8.5099999999998630e+00,     -2.6976451996548101e+07,     -2.2652252560216282e+07
      8.5199999999998628e+00,     -5.2382567346166007e+07,     -3.5544338975484245e+07
      8.5299999999998626e+00,     -6.8397933421012521e+07,     -1.9573623719668314e+07
      8.5399999999998624e+00,     -1.6864629019642137e+07,      5.0976253507359074e+06
      8.5499999999998622e+00,      2.5685568846525163e+06,      1.7065145675832410e+06
      8.5599999999998619e+00,      5.3656226461773356e+06,     -4.5032003935066992e+06
      8.5699999999998617e+00,      1.0587504227420740e+07,      1.8405194055899754e+06
      8.5799999999998615e+00,     -3.3923141721129876e+08,     -3.1543264617647074e+07
      8.5899999999998613e+00,     -5.5990572352747485e+07,      1.3755255864853328e+07
      8.5999999999998611e+00,     -1.2314374034622915e+07,      1.0114458967193873e+08
      8.6099999999998609e+00,     -9.5932097312149219e+06,     -2.5602436302660134e+07
      8.6199999999998607e+00,     -1.2946336522207074e+08,     -2.7054252237520671e+08
      8.6299999999998604e+00,     -4.0504194650671095e+07,     -4.3009448578599289e+07
      8.6399999999998602e+00,      1.8522599275152214e+07,      9.3232116366652511e+06
      8.6499999999998600e+00,      7.4830996659508273e+06,      2.3732694440786061e+06
      8.6599999999998598e+00,     -3.5536331231552735e+06,     -1.9317167084970083e+07
      8.6699999999998596e+00,     -8.9010581773891672e+05,     -3.2992100839438904e+07
      8.6799999999998594e+00,     -7.0275326913511828e+06,     -3.0795399752674468e+07
      8.6899999999998592e+00,     -2.5699489313156016e+07,      2.8127750931674842e+07
      8.6999999999998590e+00,     -1.8910079797861688e+06,     -1.9096370424018078e+07
      8.7099999999998587e+00,     -1.3968121758906784e+07,     -4.5573793357666835e+07
      8.7199999999998585e+00,     -2.9969188829879761e+07,      3.1279407061945874e+07
      8.7299999999998583e+00,      4.6579513908257321e+07,      9.8435231701243293e+08
      8.7399999999998581e+00,      9.1774365517499483e+08,     -8.2846884962794209e+08
      8.7499999999998579e+00,     -1.1627136576839046e+09,      1.7776899548769073e+10
      8.7599999999998577e+00,      6.4581548157640302e+08,      1.0210377773774592e+07
      8.7699999999998575e+00,      5.3261385134132057e+08,     -3.3999800913978624e+08
      8.7799999999998573e+00,     -2.3679016791857937e+06,     -2.0244266533311121e+07
      8.7899999999998570e+00,      1.2157606480172123e+06,      3.2767169122604121e+07
      8.7999999999998568e+00,      1.8964141653044842e+07,      1.5153862476245049e+07
      8.8099999999998566e+00,      2.7075899897355922e+07,      6.9341699761469319e+07
      8.8199999999998564e+00,     -1.1983933453464165e+07,      3.3371594786927864e+07
      8.8299999999998562e+00,      4.0959691291492946e+07,     -4.4665339590719100e+06
      8.8399999999998560e+00,      1.4826099772378141e+07,     -6.2368479211332910e+06
      8.8499999999998558e+00,      1.7635784540328926e+08,      1.7034670809529835e+08
      8.8599999999998555e+00,      4.1060033515994512e+07,     -3.5535487704488873e+07
      8.8699999999998553e+00,      7.0834883286258221e+07,     -5.3902716149862103e+07
      8.8799999999998551e+00,      1.1375946836940375e+08,     -1.3440672131572491e+08
      8.8899999999998549e+00,     -2.3698046971717566e+07,     -7.7802093389319479e+07
      8.8999999999998547e+00,      4.8162155344733164e+07,     -7.2988861809304148e+07
      8.9099999999998545e+00,      4.5464902139338150e+09,     -3.7805893207698584e+09
      8.9199999999998543e+00,     -2.9235921648959005e+08,      8.2720042291645801e+08
      8.9299999999998541e+00,     -1.9441278153861287e+09,      1.3694002153323598e+09
      8.9399999999998538e+00,      1.2613333623321287e+08,      1.2723764654687250e+08
      8.9499999999998536e+00,     -2.8774052765953023e+07,      9.2214971978032179e+06
      8.9599999999998534e+00,      1.2861345104732597e+09,     -1.3265083797578177e+09
      8.9699999999998532e+00,      1.5680223787839487e+08,      1.4975361560373569e+08
      8.9799999999998530e+00,     -1.9325909868248439e+09,     -5.9817438469341660e+08
      8.9899999999998528e+00,     -3.7852950497902453e+08,      6.6111884703451239e+07
      8.9999999999998526e+00,      1.2784144551126328e+08,      8.3062942136096299e+08
      9.0099999999998523e+00,      1.2442208493618095e+08,      2.6726102713341182e+08
      9.0199999999998521e+00,      2.0693230665292546e+07,      8.7926004858169463e+06
      9.0299999999998519e+00,      6.4839417166182520e+06,     -1.2074283853730401e+07
      9.0399999999998517e+00,      5.1208991393184215e+06,     -5.4958599163110703e+07
      9.0499999999998515e+00,     -5.4544687765274771e+07,      1.2499339908343781e+07
      9.0599999999998513e+00,     -5.8174766544585951e+07,      2.4905665879660375e+07
      9.0699999999998511e+00,     -9.0419630301525250e+07,     -4.2465232230893129e+08
      9.0799999999998509e+00,     -2.1775720021876189e+08,      1.1059897402902880e+08
      9.0899999999998506e+00,     -2.5394133808494940e+08,     -8.8596312355078816e+07
      9.0999999999998504e+00,      7.2106243141894788e+06,     -1.5320987767213550e+08
      9.1099999999998502e+00,      2.4907040143553370e+08,      1.3382896210265465e+08
      9.1199999999998500e+00,     -7.4221891345899081e+08,     -6.1635852004384577e+08
      9.1299999999998498e+00,      1.2775289416093264e+09,     -7.1455094262730464e+07
      9.1399999999998496e+00,      1.7206877207625386e+08,     -1.5353687093838772e+08
      9.1499999999998494e+00,     -1.7998661529558182e+07,      6.2603236679344758e+07
      9.1599999999998492e+00,      2.6524163379601312e+08,      1.6651568907196334e+08
      9.1699999999998489e+00,     -1.4050139109387945e+10,      1.8025816424990837e+10
      9.1799999999998487e+00,     -1.0133029216825261e+09,      1.3963011077766018e+09
      9.1899999999998485e+00,     -2.7659686148557729e+08,      2.9511747578130054e+08
      9.1999999999998483e+00,      6.8631122366889298e+07,     -6.2619646125018105e+07
      9.2099999999998481e+00,      1.9957694066166894e+09,     -6.6356639229753566e+08
      9.2199999999998479e+00,      2.3919752938930717e+08,      2.3041872083650959e+08
      9.2299999999998477e+00,      3.2699720953224313e+08,     -3.6555756505920953e+08
      9.2399999999998474e+00,      6.6053498866009355e+07,      5.1490111682472639e+09
      9.2499999999998472e+00,      1.6664574236824921e+10,      1.5128754126463911e+10
      9.2599999999998470e+00,      1.8205627697438126e+09,     -8.4268133911753821e+08
      9.2699999999998468e+00,      5.0884030723382205e+07,      8.5308226776925668e+07
      9.2799999999998466e+00,      1.4466485408616502e+07,     -5.7285306826316041e+05
      9.2899999999998464e+00,      3.8965247849491537e+06,     -8.1171590714921758e+07
      9.2999999999998462e+00,      3.3957166526943306e+06,      1.5049336491817730e+06
      9.3099999999998460e+00,     -5.1201583021087050e+07,      3.9323627903253943e+07
      9.3199999999998457e+00,      6.6980628821599662e+07,     -1.0543808315681835e+08
      9.3299999999998455e+00,     -2.9020006392337930e+08,     -1.0871330227260540e+09
      9.3399999999998453e+00,      1.0232770311290129e+08,     -3.7117346967113815e+07
      9.3499999999998451e+00,      5.6252379675567806e+07,      1.9089203589619228e+08
      9.3599999999998449e+00,      2.7498738777652733e+07,     -5.5254522656838842e+07
      9.3699999999998447e+00,     -1.2141694863858763e+07,     -2.1824211999360271e+07
      9.3799999999998445e+00,     -2.6460447336943734e+08,     -4.9903484542130679e+07
      9.3899999999998442e+00,      7.3721195016798377e+06,      3.2669799245941538e+07
      9.3999999999998440e+00,     -1.3094743856175429e+08,      5.4204145834926441e+07
      9.4099999999998438e+00,     -1.7225999128242591e+08,     -3.4779410759465568e+07
      9.4199999999998436e+00,      1.2216051001234528e+08,     -8.0477048951921150e+07
      9.4299999999998434e+00,     -7.5928060283254996e+07,     -4.9890476683378778e+07
      9.4399999999998432e+00,     -1.4690014468598943e+09,      3.5514234500332470e+09
      9.4499999999998430e+00,      2.7656347210095131e+10,      3.3842547891251469e+09
      9.4599999999998428e+00,     -7.0353840363649502e+09,     -1.9654194449374850e+09
      9.4699999999998425e+00,      1.1186810930877179e+06,      6.0210449756169930e+07
      9.4799999999998423e+00,     -1.9192053067348845e+07,      3.5865264196752973e+07
      9.4899999999998421e+00,      1.3811747457321122e+08,      1.0240029349049300e+08
      9.4999999999998419e+00,      1.4347764293443006e+08,     -4.6041208016389656e+08
      9.5099999999998417e+00,      2.7822617622035868e+07,     -6.0021638013757966e+07
      9.5199999999998415e+00,     -5.0678614689414427e+07,      4.4585519477189422e+07
      9.5299999999998413e+00,      4.4626760927361727e+07,     -3.1850508293815136e+08
      9.5399999999998411e+00,     -8.8245662559365082e+08,      4.0414449450881803e+08
      9.5499999999998408e+00,     -1.2014989086075001e+09,     -1.8379363314114962e+09
      9.5599999999998406e+00,     -1.3119565934011632e+08,      7.9678298837854937e+07
      9.5699999999998404e+00,     -1.6309476617079742e+07,     -1.3154374178935224e+07
      9.5799999999998402e+00,      1.1925931790165482e+06,     -8.4278057994624227e+06
      9.5899999999998400e+00,      1.5353817769977991e+06,     -1.2214716126481940e+06
      9.5999999999998398e+00,     -1.4038589467810690e+06,     -2.5779758080972102e+07
      9.6099999999998396e+00,     -6.0721427439031422e+07,     -3.3956147684616372e+07
      9.6199999999998393e+00,      1.8349846671459273e+08,      8.5182781629017770e+07
      9.6299999999998391e+00,     -1.0480100627109740e+07,     -2.4374457968847163e+07
      9.6399999999998389e+00,      5.3522600694748372e+07,     -3.4548608437874699e+08
      9.6499999999998387e+00,     -4.7339399782018080e+07,      1.9172037049914487e+07
      9.6599999999998385e+00,      4.3191785693706739e+08,     -3.2701736339197665e+08
      9.6699999999998383e+00,      5.8960516523590910e+08,      5.4153626384032607e+08
      9.6799999999998381e+00,      1.6439646876157446e+07,      4.1013334810940206e+07
      9.6899999999998379e+00,     -1.3957590241040105e+08,      4.5023434365290749e+08
      9.6999999999998376e+00,     -1.1055148593359544e+09,      2.4798898904032598e+09
      9.7099999999998374e+00,     -1.2158526926995701e+08,     -4.9221667656963480e+08
      9.7199999999998372e+00,     -1.9309407545204151e+08,     -3.8111605001557750e+08
      9.7299999999998370e+00,     -4.9129028160269797e+07,      2.1394288662882629e+08
      9.7399999999998368e+00,      5.1681932455542281e+07,      1.7797089800747421e+08
      9.7499999999998366e+00,      3.0739395383381125e+07,      6.0280404635370560e+07
      9.7599999999998364e+00,     -1.0634656478895858e+08,      6.9005757083346695e+07
      9.7699999999998361e+00,     -3.7246501227630109e+07,     -3.8477469550196327e+07
      9.7799999999998359e+00,     -1.1983652465703213e+08,      3.5366304476732351e+07
      9.7899999999998357e+00,     -1.1066867655305624e+09,      5.0243483337116688e+08
      9.7999999999998355e+00,     -1.2889216645110744e+08,     -1.0280552350649920e+08
      9.8099999999998353e+00,      1.0177456469034773e+08,      2.4062205361252423e+07
      9.8199999999998351e+00,      2.3793750685586712e+08,      5.9225740224399399e+06
      9.8299999999998349e+00,      2.3352684953402850e+08,      5.3385086446665652e+07
      9.8399999999998347e+00,      2.6825392422323149e+08,      2.1295733389547741e+08
      9.8499999999998344e+00,     -2.2256066563105986e+07,     -2.9396445377824176e+07
      9.8599999999998342e+00,      8.4498885347802341e+07,      1.5447240534286104e+07
      9.8699999999998340e+00,      9.6155624164484143e+06,     -2.9501537716096826e+07
      9.8799999999998338e+00,      1.3104514557064682e+08,      8.3400401231814519e+07
      9.8899999999998336e+00,      4.4466635715172723e+07,      1.9171335362570308e+07
      9.8999999999998334e+00,      3.5111279868588519e+08,     -1.1209526491079053e+08
      9.9099999999998332e+00,     -1.4118984681843185e+08,      1.5401175587429619e+09
      9.9199999999998330e+00,      6.9459328672256911e+08,      4.2203833596524459e+08
      9.9299999999998327e+00,      6.5811784967998467e+07,      3.1411082281124048e+07
      9.9399999999998325e+00,      5.6861698819783680e+07,      4.3169135190563627e+07
      9.9499999999998323e+00,      7.2855400884196628e+05,      3.3578501484977938e+07
      9.9599999999998321e+00,     -3.5185936585779734e+07,     -3.6292315697711326e+07
      9.9699999999998319e+00,     -2.8864402821236610e+08,      2.8320131348055947e+08
      9.9799999999998317e+00,      8.5435606112178278e+08,     -7.6865027463648772e+08
      9.9899999999998315e+00,     -8.8467780344440445e+07,     -1.0298606818478680e+06
      9.9999999999998312e+00,     -3.8807333749880251e+06,      1.6071984423652740e+07
